DEPT,DT
1945.5,34.97973235592201
1946.0,34.984349863719984
1946.5,34.98896737151796
1947.0,34.99358487931596
1947.5,34.998202387113935
1948.0,35.00281989491191
1948.5,35.00743740270988
1949.0,35.01205491050786
1949.5,-42.099527581694176
1950.0,-42.82751007389621
1950.5,-43.14339256609823
1951.0,-24.026575058300253
1951.5,3.209442449497743
1952.0,4.21755995729572
1952.5,-47.3894225349063
1953.0,-74.87120502710835
1953.5,-75.29648751931036
1954.0,-25.11577001151238
1954.5,52.0619474962856
1955.0,51.16296500408356
1955.5,51.074282511881535
1956.0,-78.6882999803205
1956.5,-79.02188247252252
1957.0,-79.16866496472451
1957.5,-79.20824745692654
1958.0,-78.99462994912857
1958.5,-78.93601244133059
1959.0,-79.39599493353262
1959.5,-79.95867742573463
1960.0,-80.76955991793668
1960.5,-81.15334241013869
1961.0,-81.21682490234073
1961.5,-81.10040739454271
1962.0,-81.53708988674475
1962.5,-81.57517237894677
1963.0,-81.69095487114879
1963.5,-81.99653736335082
1964.0,-82.47581985555286
1964.5,-81.75350234775487
1965.0,-81.34428483995691
1965.5,-81.31216733215894
1966.0,-81.33284982436092
1966.5,-81.34483231656296
1967.0,-81.61491480876498
1967.5,-81.69439730096701
1968.0,-73.74717979316904
1968.5,-73.57696228537105
1969.0,-73.27184477757308
1969.5,-72.34372726977512
1970.0,-71.93860976197713
1970.5,-71.44469225417913
1971.0,-71.36407474638119
1971.5,-71.29865723858319
1972.0,-80.4769397307852
1972.5,-80.25682222298724
1973.0,-79.81740471518927
1973.5,-79.63238720739129
1974.0,-79.60406969959331
1974.5,-79.47315219179535
1975.0,-79.29963468399737
1975.5,-79.17161717619939
1976.0,-79.22819966840139
1976.5,-79.16108216060341
1977.0,-79.10086465280544
1977.5,-79.16754714500746
1978.0,-78.9521296372095
1978.5,-78.75501212941151
1979.0,-78.50379462161354
1979.5,-78.13057711381558
1980.0,-77.6814596060176
1980.5,-76.5468420982196
1981.0,-75.91722459042163
1981.5,1.8265929173763595
1982.0,-74.01068957482568
1982.5,-72.0260720670277
1983.0,-71.48025455922973
1983.5,-68.95633705143175
1984.0,2.5650804563662177
1984.5,2.7799979641642096
1985.0,3.432215471962195
1985.5,-70.16546702023982
1986.0,-72.57654951244186
1986.5,-37.44433200464388
1987.0,-36.94521449684591
1987.5,-40.093496989047935
1988.0,-67.62297948124996
1988.5,-71.66496197345198
1989.0,-75.07744446565401
1989.5,-76.24682695785603
1990.0,-80.91990945005807
1990.5,-78.59979194226005
1991.0,-79.18907443446209
1991.5,-79.5271569266641
1992.0,-80.56963941886613
1992.5,-72.21652191106816
1993.0,-79.31280440327019
1993.5,-79.39698689547222
1994.0,-79.11536938767424
1994.5,-79.05485187987627
1995.0,-79.03583437207826
1995.5,-79.20871686428029
1996.0,-79.12139935648231
1996.5,-79.37008184868435
1997.0,-79.40336434088637
1997.5,-79.51504683308839
1998.0,-79.62802932529041
1998.5,-79.65241181749245
1999.0,-79.58449430969446
1999.5,-79.57397680189646
2000.0,-79.6586592940985
2000.5,-79.62334178630053
2001.0,-79.62002427850254
2001.5,-79.73840677070457
2002.0,-79.60868926290661
2002.5,-78.92287175510862
2003.0,-78.64995424731066
2003.5,-79.09333673951268
2004.0,-80.32301923171468
2004.5,-72.21720172391673
2005.0,-72.12328421611872
2005.5,-71.79196670832076
2006.0,-71.20914920052277
2006.5,-71.09353169272481
2007.0,-71.00441418492683
2007.5,-71.44969667712886
2008.0,-71.53327916933088
2008.5,-71.43106166153291
2009.0,-70.93474415373493
2009.5,-70.86112664593693
2010.0,-70.00180913813895
2010.5,-69.31249163034099
2011.0,-69.65557412254302
2011.5,-69.82715661474504
2012.0,-69.79993910694706
2012.5,-69.6623215991491
2013.0,-69.92400409135112
2013.5,-70.30398658355314
2014.0,-71.31346907575514
2014.5,-79.65515156795716
2015.0,-79.9235340601592
2015.5,-79.24641655236121
2016.0,-78.76219904456325
2016.5,-78.37458153676528
2017.0,-78.19666402896729
2017.5,-77.71514652116932
2018.0,-76.80112901337134
2018.5,-58.07841150557334
2019.0,-57.58519399777538
2019.5,-38.09907648997739
2020.0,-39.79665898217942
2020.5,57.69845852561855
2021.0,94.48507603341653
2021.5,93.9500935412145
2022.0,68.17111104901247
2022.5,64.76072855681045
2023.0,150.1722460646084
2023.5,50.67016357240641
2024.0,50.67478108020441
2024.5,-48.11480141199763
2025.0,-23.81838390419965
2025.5,-24.459666396401687
2026.0,39.238251111396295
2026.5,47.652868619194265
2027.0,37.70688612699223
2027.5,51.83950363479022
2028.0,72.36022114258819
2028.5,70.9061386503862
2029.0,38.07905615818416
2029.5,34.12537366598215
2030.0,28.55839117378011
2030.5,29.119308681578076
2031.0,28.539826189376072
2031.5,29.226443697174034
2032.0,29.37096120497202
2032.5,30.317578712769972
2033.0,30.280796220567993
2033.5,29.33231372836596
2034.0,28.88983123616393
2034.5,28.53454874396192
2035.0,29.311466251759896
2035.5,29.563583759557844
2036.0,29.84680126735583
2036.5,29.846118775153798
2037.0,30.09553628295177
2037.5,30.13665379074976
2038.0,28.839571298547725
2038.5,29.129488806345734
2039.0,27.29200631414369
2039.5,26.399123821941686
2040.0,26.62144132973964
2040.5,25.20475883753761
2041.0,24.33087634533561
2041.5,25.008393853133583
2042.0,24.310011360931554
2042.5,23.52922886872952
2043.0,23.311346376527524
2043.5,20.93356388432551
2044.0,18.65528139212347
2044.5,16.777798899921436
2045.0,16.943216407719405
2045.5,15.565833915517402
2046.0,14.713051423315363
2046.5,14.76196893111333
2047.0,12.759886438911309
2047.5,12.429203946709322
2048.0,15.570221454507305
2048.5,18.962338962305267
2049.0,21.706256470103227
2049.5,25.118173977901222
2050.0,26.504591485699194
2050.5,27.072108993497153
2051.0,27.296926501295133
2051.5,27.115744009093106
2052.0,24.74626151689111
2052.5,24.25677902468908
2053.0,24.51359653248707
2053.5,25.743414040285046
2054.0,27.348031548083014
2054.5,27.184749055880985
2055.0,24.950066563678945
2055.5,22.45558407147692
2056.0,22.35310157927489
2056.5,21.96631908707289
2057.0,22.538636594870837
2057.5,22.90855410266886
2058.0,21.424571610466813
2058.5,23.74258911826479
2059.0,25.28740662606276
2059.5,29.563424133860735
2060.0,30.946641641658715
2060.5,29.060959149456693
2061.0,27.448476657254673
2061.5,25.92839416505265
2062.0,25.24741167285066
2062.5,26.15622918064861
2063.0,27.62224668844661
2063.5,27.589464196244563
2064.0,28.72518170404254
2064.5,28.69689921184053
2065.0,28.63821671963848
2065.5,29.75663422743648
2066.0,30.276151735234436
2066.5,29.362869243032435
2067.0,29.27928675083041
2067.5,29.2802042586284
2068.0,28.671821766426376
2068.5,29.078439274224337
2069.0,29.371056782022322
2069.5,28.398174289820275
2070.0,28.409191797618263
2070.5,28.185809305416228
2071.0,28.230726813214204
2071.5,28.000444321012168
2072.0,27.901661828810177
2072.5,27.140079336608153
2073.0,26.010196844406124
2073.5,26.224214352204115
2074.0,25.82223186000209
2074.5,26.849049367800063
2075.0,27.03296687559802
2075.5,27.162984383396008
2076.0,27.589401891193972
2076.5,26.949019398991965
2077.0,25.39863690678996
2077.5,24.40115441458792
2078.0,23.37567192238589
2078.5,23.710589430183887
2079.0,25.665006937981843
2079.5,26.55982444577981
2080.0,28.06294195357779
2080.5,28.781259461375782
2081.0,28.72037696917377
2081.5,28.760694476971736
2082.0,28.431511984769713
2082.5,28.154129492567705
2083.0,28.75034700036568
2083.5,28.461664508163636
2084.0,28.48998201596163
2084.5,29.34009952375959
2085.0,29.373817031557564
2085.5,27.300234539355557
2086.0,25.79135204715351
2086.5,24.177569554951504
2087.0,23.76388706274949
2087.5,25.292504570547464
2088.0,27.033922078345427
2088.5,28.46693958614341
2089.0,29.287957093941372
2089.5,29.11437460173937
2090.0,29.512492109537334
2090.5,29.894309617335296
2091.0,30.100927125133296
2091.5,30.510744632931278
2092.0,30.764062140729266
2092.5,31.73207964852722
2093.0,32.5202971563252
2093.5,32.15161466412317
2094.0,31.87213217192115
2094.5,31.106749679719115
2095.0,30.318667187517093
2095.5,29.860684695315115
2096.0,28.617402203113073
2096.5,27.60841971091105
2097.0,27.023637218709013
2097.5,26.086654726506993
2098.0,25.84427223430498
2098.5,24.757589742102937
2099.0,23.64350724990092
2099.5,22.73792475769889
2100.0,22.39204226549691
2100.5,23.25975977329486
2101.0,23.79567728109285
2101.5,23.508894788890814
2102.0,22.3307122966888
2102.5,20.156029804486764
2103.0,19.073747312284752
2103.5,19.030664820082706
2104.0,20.95938232788069
2104.5,23.53869983567867
2105.0,24.46981734347665
2105.5,24.93613485127463
2106.0,24.86125235907261
2106.5,24.434369866870583
2107.0,24.219787374668556
2107.5,23.79690488246655
2108.0,24.762822390264517
2108.5,25.596339898062496
2109.0,27.31015740586045
2109.5,27.91287491365844
2110.0,27.944592421456434
2110.5,27.06740992925441
2111.0,25.959927437052386
2111.5,24.383544944850343
2112.0,23.87426245264834
2112.5,24.275379960446315
2113.0,24.679397468244275
2113.5,24.89261497604224
2114.0,25.107732483840238
2114.5,24.175649991638238
2115.0,24.1464674994362
2115.5,24.12678500723419
2116.0,24.145602515032152
2116.5,24.49392002283014
2117.0,24.43343753062811
2117.5,25.13165503842606
2118.0,25.442472546224053
2118.5,26.446390054022032
2119.0,27.322507561820032
2119.5,26.285925069617974
2120.0,25.310642577415962
2120.5,24.27146008521393
2121.0,24.037877593011928
2121.5,24.065095100809884
2122.0,24.39881260860787
2122.5,24.03863011640584
2123.0,23.75284762420381
2123.5,24.76596513200178
2124.0,25.430682639799755
2124.5,27.271500147597777
2125.0,28.08281765539573
2125.5,27.19243516319372
2126.0,27.58725267099169
2126.5,25.676170178789647
2127.0,24.378887686587632
2127.5,23.325905194385598
2128.0,23.899122702183575
2128.5,23.81274020998157
2129.0,23.41635771777956
2129.5,22.248275225577544
2130.0,19.698792733375512
2130.5,19.53911024117349
2131.0,20.585527748971458
2131.5,22.703245256769435
2132.0,25.29006276456741
2132.5,25.532480272365376
2133.0,25.43689778016335
2133.5,25.408715287961343
2134.0,25.001132795759332
2134.5,25.69615030355729
2135.0,25.461767811355287
2135.5,25.335685319153242
2136.0,25.937602826951235
2136.5,24.815420334749206
2137.0,24.42163784254717
2137.5,23.788355350345142
2138.0,24.614572858143106
2138.5,25.470090365941104
2139.0,26.477307873739107
2139.5,26.08862538153707
2140.0,25.04144288933503
2140.5,23.850260397133013
2141.0,22.01247790493099
2141.5,21.67769541272898
2142.0,20.86631292052695
2142.5,19.646030428324906
2143.0,17.82644793612289
2143.5,14.331265443920898
2144.0,12.948382951718855
2144.5,14.202600459516844
2145.0,15.007717967314818
2145.5,13.746735475112786
2146.0,9.647852982910763
2146.5,6.214570490708724
2147.0,5.991187998506717
2147.5,8.22120550630467
2148.0,14.231323014102685
2148.5,17.59334052190067
2149.0,19.42335802969862
2149.5,19.857875537496597
2150.0,17.75439304529459
2150.5,16.865210553092567
2151.0,14.772928060890536
2151.5,13.418045568688513
2152.0,13.343263076486465
2152.5,14.27548058428448
2153.0,17.060598092082415
2153.5,19.466715599880416
2154.0,21.443733107678412
2154.5,22.389750615476373
2155.0,23.343468123274363
2155.5,24.26108563107232
2156.0,27.174103138870294
2156.5,28.844720646668264
2157.0,27.994538154466255
2157.5,25.73825566226421
2158.0,19.880573170062235
2158.5,12.331590677860191
2159.0,9.243708185658164
2159.5,6.670025693456154
2160.0,8.628943201254117
2160.5,14.986960709052084
2161.0,18.105878216850073
2161.5,21.94819572464803
2162.0,24.910413232446018
2162.5,25.036530740244018
2163.0,24.954748248041994
2163.5,23.810665755839977
2164.0,23.21078326363795
2164.5,24.2036007714359
2165.0,23.42921827923388
2165.5,24.03933578703186
2166.0,23.143053294829826
2166.5,23.539870802627803
2167.0,23.864988310425815
2167.5,23.45640581822377
2168.0,22.28342332602176
2168.5,21.648940833819722
2169.0,21.94535834161772
2169.5,22.781575849415674
2170.0,23.54649335721365
2170.5,24.017210865011634
2171.0,21.6560283728096
2171.5,19.065945880607586
2172.0,18.793863388405555
2172.5,18.784980896203564
2173.0,21.14009840400152
2173.5,23.90661591179949
2174.0,24.924433419597477
2174.5,24.902050927395436
2175.0,25.183868435193432
2175.5,24.204985942991385
2176.0,24.628203450789357
2176.5,24.395320958587348
2177.0,23.62053846638534
2177.5,23.61245597418332
2178.0,23.491173481981292
2178.5,23.45509098977928
2179.0,23.071408497577238
2179.5,21.64872600537521
2180.0,19.979043513173195
2180.5,19.376461020971163
2181.0,20.615578528769134
2181.5,22.801996036567147
2182.0,23.565313544365125
2182.5,23.664931052163098
2183.0,22.814648559961057
2183.5,23.300266067759026
2184.0,23.031983575557007
2184.5,22.496901083355
2185.0,18.259818591152964
2185.5,12.545536098950919
2186.0,11.731153606748933
2186.5,13.407471114546894
2187.0,17.22118862234487
2187.5,21.57700613014285
2188.0,20.880823637940836
2188.5,19.2396411457388
2189.0,18.253758653536778
2189.5,16.197776161334758
2190.0,16.169593669132723
2190.5,15.376311176930699
2191.0,14.480528684728682
2191.5,14.32834619252668
2192.0,15.925663700324662
2192.5,18.81338120812262
2193.0,21.27049871592061
2193.5,22.401016223718585
2194.0,22.18243373151654
2194.5,20.425051239314513
2195.0,19.576268747112493
2195.5,19.587986254910476
2196.0,20.20880376270847
2196.5,19.85832127050645
2197.0,18.668838778304433
2197.5,18.41235628610238
2198.0,17.76277379390038
2198.5,18.070991301698342
2199.0,19.151008809496318
2199.5,18.89582631729428
2200.0,18.772143825092257
2200.5,20.032361332890275
2201.0,19.75357884068825
2201.5,19.25209634848622
2202.0,17.267913856284196
2202.5,14.802831364082152
2203.0,12.24504887188013
2203.5,12.131566379678105
2204.0,12.574383887476074
2204.5,13.24030139527406
2205.0,14.330218903072023
2205.5,14.788036410870006
2206.0,17.098853918668
2206.5,18.634371426465975
2207.0,19.865188934263955
2207.5,20.682106442061922
2208.0,21.367623949859905
2208.5,21.41994145765787
2209.0,21.97355896545585
2209.5,22.162876473253817
2210.0,20.692993981051814
2210.5,18.97251148884979
2211.0,17.702628996647775
2211.5,15.022446504445753
2212.0,14.484264012243727
2212.5,13.189581520041685
2213.0,11.709999027839672
2213.5,12.175516535637655
2214.0,11.736034043435609
2214.5,12.046251551233581
2215.0,14.755469059031583
2215.5,13.870286566829577
2216.0,14.131504074627543
2216.5,15.766821582425507
2217.0,15.963739090223498
2217.5,17.894856598021477
2218.0,20.296274105819435
2218.5,21.709991613617404
2219.0,21.614309121415403
2219.5,21.36872662921337
2220.0,21.02014413701133
2220.5,20.521661644809342
2221.0,21.552479152607305
2221.5,21.951696660405275
2222.0,21.636814168203273
2222.5,22.29453167600124
2223.0,21.687449183799203
2223.5,21.222566691597194
2224.0,21.050384199395154
2224.5,19.044601707193124
2225.0,17.067819214991147
2225.5,16.039736722789115
2226.0,13.217354230587091
2226.5,12.720071738385059
2227.0,11.54598924618304
2227.5,11.313806753980998
2228.0,11.822224261778985
2228.5,11.920541769576943
2229.0,14.559759277374923
2229.5,14.635176785172916
2230.0,17.103094292970894
2230.5,12.868211800768876
2231.0,8.497929308566853
2231.5,0.30374681636482137
2232.0,-13.3032356758372
2232.5,-18.37921816803923
2233.0,-17.90740066024125
2233.5,-18.287783152443282
2234.0,-13.533465644645275
2234.5,-6.7655481368473005
2235.0,-3.0486306290493417
2235.5,1.5128868787486454
2236.0,6.703704386546605
2236.5,1.452821894344595
2237.0,-4.990660597857428
2237.5,-11.793843090059454
2238.0,-16.931125582261487
2238.5,-11.716308074463512
2239.0,-13.182690566665542
2239.5,-13.769173058867537
2240.0,-7.5447555510695565
2240.5,-3.149338043271584
2241.0,0.07687946452639949
2241.5,5.180596972324366
2242.0,-2.9988855198776605
2242.5,-10.47726801207969
2243.0,-14.373950504281723
2243.5,-22.012132996483743
2244.0,-25.561615488685746
2244.5,-27.659097980887765
2245.0,-30.0070804730898
2245.5,-31.153262965291816
2246.0,-33.66224545749384
2246.5,-34.793627949695875
2247.0,-35.488310441897895
2247.5,-36.89229293409993
2248.0,-38.61057542630195
2248.5,-39.881157918503945
2249.0,-43.51504041070598
2249.5,-47.359122902908
2250.0,-47.99310539511002
2250.5,-43.332587887312044
2251.0,-33.63947037951408
2251.5,-24.221752871716106
2252.0,-18.927635363918128
2252.5,-16.88781785612015
2253.0,-15.108000348322179
2253.5,-12.51578284052421
2254.0,-4.153265332726207
2254.5,5.404152175071772
2255.0,13.49216968286973
2255.5,21.869087190667727
2256.0,22.995904698465694
2256.5,23.235322206263675
2257.0,24.02823971406164
2257.5,23.86485722185961
2258.0,25.203474729657586
2258.5,25.03489223745558
2259.0,22.253809745253562
2259.5,16.612327253051546
2260.0,10.455944760849519
2260.5,7.990962268647479
2261.0,10.974779776445473
2261.5,14.931697284243427
2262.0,17.454414792041405
2262.5,18.59693229983938
2263.0,13.853049807637376
2263.5,12.50006731543536
2264.0,12.351184823233325
2264.5,12.289002331031298
2265.0,12.102019838829278
2265.5,11.557637346627246
2266.0,13.020754854425235
2266.5,14.54877236222319
2267.0,18.600489870021164
2267.5,22.10520737781917
2268.0,20.05062488561711
2268.5,21.518542393415117
2269.0,23.430159901213102
2269.5,22.828877409011085
2270.0,19.52039491680904
2270.5,13.038012424607018
2271.0,3.279929932404997
2271.5,0.7897474402029729
2272.0,-1.8534350519990426
2272.5,-2.6945175442010907
2273.0,-1.4154000364030708
2273.5,-4.166682528605108
2274.0,-3.804465020807129
2274.5,-0.23594751300916528
2275.0,4.478069994788825
2275.5,8.794287502586798
2276.0,11.699105010384756
2276.5,10.617322518182732
2277.0,7.684240025980699
2277.5,3.431557533778715
2278.0,1.1679750415766819
2278.5,3.6445925493746643
2279.0,2.982810057172628
2279.5,3.171827564970613
2280.0,4.4351450727685915
2280.5,3.344062580566572
2281.0,4.486080088364531
2281.5,5.450697596162513
2282.0,3.2176151039604974
2282.5,1.2126326117584938
2283.0,-0.8013498804435528
2283.5,-4.014732372645568
2284.0,-3.4721148648475975
2284.5,-1.6282973570496324
2285.0,-3.064079849251641
2285.5,-2.428462341453667
2286.0,-6.056944833655706
2286.5,-8.526827325857724
2287.0,-8.430309818059754
2287.5,-7.922792310261755
2288.0,-7.234574802463769
2288.5,-6.7494572946658025
2289.0,-6.40583978686783
2289.5,-5.037122279069848
2290.0,-3.936504771271885
2290.5,-3.7420872634739055
2291.0,-4.111169755675931
2291.5,-4.7143522478779545
2292.0,-5.703334740079953
2292.5,-6.88111723228198
2293.0,-7.570399724484005
2293.5,-7.215282216686035
2294.0,-6.3481647088880635
2294.5,-4.744047201090083
2295.0,-3.3275296932921066
2295.5,-3.3458121854941396
2296.0,-3.3681946776961667
2296.5,-4.113477169898161
2297.0,-5.195459662100191
2297.5,-5.185142154302213
2298.0,-2.482824646504241
2298.5,-1.7150071387062553
2299.0,-1.1704896309082926
2299.5,-2.377172123110313
2300.0,-4.630254615312339
2300.5,-6.036137107514364
2301.0,-8.115919599716364
2301.5,-9.05400209191842
2302.0,-9.648184584120415
2302.5,-9.357667076322443
2303.0,-9.065649568524464
2303.5,-7.901132060726496
2304.0,-5.281014552928525
2304.5,-4.416897045130554
2305.0,-2.1391795373325806
2305.5,-0.7143620295346125
2306.0,-0.8118445217366173
2306.5,-0.49642701393861444
2307.0,-0.10260950614065223
2307.5,-0.019991998342675288
2308.0,-0.24267449054471513
2308.5,0.07474301725326882
2309.0,0.8912605250512513
2309.5,1.3655780328492142
2310.0,1.2963955406471825
2310.5,0.4234130484451555
2311.0,0.15713055624317462
2311.5,-0.14305193595885157
2312.0,2.7766655718391178
2312.5,3.9400830796371054
2313.0,7.310400587435055
2313.5,8.145918095233043
2314.0,8.984835603031001
2314.5,12.580953110829
2315.0,11.911470618626964
2315.5,15.060188126424976
2316.0,15.342805634222941
2316.5,14.599423142020925
2317.0,14.263440649818875
2317.5,15.00725815761686
2318.0,17.171375665414843
2318.5,18.703293173212813
2319.0,20.519110681010773
2319.5,13.517628188808743
2320.0,5.651545696606718
2320.5,0.3162632044046916
2321.0,-5.757519287797294
2321.5,-8.727401779999326
2322.0,-6.8953842722013405
2322.5,-6.108466764403374
2323.0,-5.683649256605392
2323.5,-5.243631748807417
2324.0,-4.933914241009447
2324.5,-4.326096733211472
2325.0,-3.6420792254134966
2325.5,-3.0540617176154967
2326.0,-2.333244209817522
2326.5,4.232073297980463
2327.0,8.708090805778426
2327.5,7.669508313576387
2328.0,8.103525821374376
2328.5,3.0717433291723353
2329.0,-1.7805391630296867
2329.5,-0.8589216552317112
2330.0,-0.22760414743370916
2330.5,0.8699133603642792
2331.0,1.1847308681622337
2331.5,1.1859483759602085
2332.0,1.0008658837581947
2332.5,4.959983391556165
2333.0,8.728700899354152
2333.5,10.326018407152105
2334.0,10.947135914950081
2334.5,11.683253422748095
2335.0,8.857870930546028
2335.5,6.995988438344028
2336.0,4.184805946142006
2336.5,-1.072976546060005
2337.0,-3.490659038262038
2337.5,-3.7657415304640693
2338.0,-3.4443240226660947
2338.5,-2.6341065148681224
2339.0,-1.0408890070701489
2339.5,-0.00837149927215819
2340.0,0.5252460085258406
2340.5,2.385063516323811
2341.0,3.684381024121791
2341.5,3.653598531919755
2342.0,4.3977160397177215
2342.5,3.2221335475157105
2343.0,3.4106510553136786
2343.5,3.6412685631116517
2344.0,2.7301860709096104
2344.5,2.711403578707632
2345.0,3.0108210865055867
2345.5,2.1053385943035607
2346.0,6.415856102101543
2346.5,5.1403736098995125
2347.0,4.480391117697508
2347.5,2.5452086254954622
2348.0,2.5437261332934327
2348.5,4.506343641091405
2349.0,6.862961148889411
2349.5,11.595678656687397
2350.0,8.44069616448536
2350.5,8.90411367228333
2351.0,8.52853118008133
2351.5,7.6753486878792785
2352.0,4.481466195677257
2352.5,8.191483703475228
2353.0,4.174901211273209
2353.5,5.325018719071181
2354.0,5.781736226869157
2354.5,5.118853734667169
2355.0,8.30887124246513
2355.5,10.063888750263118
2356.0,12.709106258061098
2356.5,15.431823765859065
2357.0,18.60344127365704
2357.5,18.86595878145502
2358.0,18.685376289252986
2358.5,12.445593797050947
2359.0,5.262811304848952
2359.5,-1.4033711873530592
2360.0,-6.933353679555097
2360.5,-9.100236171757118
2361.0,-8.958918663959153
2361.5,-8.098801156161173
2362.0,-8.433983648363196
2362.5,-7.896066140565225
2363.0,-2.3921486327672454
2363.5,-1.6112311249692368
2364.0,-1.7773136171712736
2364.5,-0.6566961093733141
2365.0,-4.874978601575322
2365.5,-4.775861093777351
2366.0,-3.701643585979383
2366.5,-2.7145260781814073
2367.0,-1.2909085703834364
2367.5,-0.33379106258544766
2368.0,0.6875264452125407
2368.5,0.5709439530104987
2369.0,1.412461460808487
2369.5,0.7002789686064546
2370.0,-1.1857035235955493
2370.5,-2.0324860157975877
2371.0,-1.8900685079996151
2371.5,-3.4363510002016397
2372.0,-1.6229334924036607
2372.5,-1.410515984605695
2373.0,-0.2822984768077106
2373.5,-3.0178809690097097
2374.0,-5.069363461211736
2374.5,-7.271345953413771
2375.0,-6.116228445615789
2375.5,-3.221710937817818
2376.0,1.2030065699801469
2376.5,0.3747240777781258
2377.0,4.163341585576092
2377.5,6.134659093374069
2378.0,-3.2980233988279224
2378.5,4.012094108970047
2379.0,9.188911616768024
2379.5,5.974029124566016
2380.0,10.279446632363971
2380.5,5.364864140161956
2381.0,-1.3478183520400648
2381.5,-7.734400844242103
2382.0,-8.741983336444122
2382.5,-8.34426582864613
2383.0,-0.5506483208481541
2383.5,1.7333691869498296
2384.0,4.588686694747793
2384.5,6.066704202545765
2385.0,0.9474217103437468
2385.5,-2.219060781858275
2386.0,-0.29564327406029633
2386.5,3.456674233737658
2387.0,4.458991741535641
2387.5,3.6745092493336244
2388.0,5.012726757131617
2388.5,1.753744264929594
2389.0,-7.21233822727244
2389.5,-4.534420719474454
2390.0,-2.2640032116764814
2390.5,-1.8107857038785085
2391.0,7.14543180391945
2391.5,12.13254931171744
2392.0,7.8251668195154025
2392.5,10.049484327313422
2393.0,4.689901835111385
2393.5,0.03401934290937447
2394.0,1.7768368507073262
2394.5,0.282154358505295
2395.0,-1.4365281336967257
2395.5,0.4582893741012697
2396.0,-2.506993118100766
2396.5,-2.3837756103027914
2397.0,-1.8297581025047975
2397.5,-1.7947405947068233
2398.0,-1.6119230869088454
2398.5,-1.684005579110874
2399.0,-1.3744880713128964
2399.5,-0.7776705635149312
2400.0,-0.767053055716957
2400.5,0.08146445208103614
2401.0,0.10358195987899421
2401.5,-0.7203005323230229
2402.0,0.09081697547495082
2402.5,0.02903448327293745
2403.0,-0.5362480089290784
2403.5,1.5534694988689068
2404.0,1.2440870066668595
2404.5,0.9405045144648341
2405.0,0.5875220222628172
2405.5,-0.6326604699391964
2406.0,-0.8827429621412364
2406.5,-0.960125454343256
2407.0,-0.7937079465452541
2407.5,0.08470956125270845
2408.0,0.7606270690506847
2408.5,0.6910445768486682
2409.0,1.178562084646643
2409.5,2.1161795924446096
2410.0,3.082097100242578
2410.5,4.258514608040571
2411.0,4.320832115838527
2411.5,3.9674496236365258
2412.0,2.399167131434524
2412.5,1.7483846392324836
2413.0,1.10440214703047
2413.5,1.3176196548284338
2414.0,1.2558371626264204
2414.5,1.2383546704243713
2415.0,1.4553721782223477
2415.5,1.0892896860203223
2416.0,0.9292071938183426
2416.5,1.1768247016163116
2417.0,1.4017422094142944
2417.5,2.74055971721225
2418.0,4.174177225010226
2418.5,4.361194732808201
2419.0,5.763712240606168
2419.5,4.786729748404156
2420.0,4.90034725620211
2420.5,4.766764764000101
2421.0,3.257482271798068
2421.5,2.784099779596062
2422.0,1.3056172873940568
2422.5,0.9325347951920264
2423.0,1.1909523029899844
2423.5,2.797369810787984
2424.0,3.8395873185859557
2424.5,4.168904826383908
2425.0,4.708222334181897
2425.5,2.986739841979869
2426.0,4.629857349777865
2426.5,6.698974857575848
2427.0,5.98549236537383
2427.5,7.580209873171782
2428.0,6.570127380969751
2428.5,5.462244888767742
2429.0,6.355862396565726
2429.5,5.324179904363689
2430.0,3.8067974121616714
2430.5,3.069314919959652
2431.0,4.193532427757646
2431.5,5.68874993555562
2432.0,5.031667443353598
2432.5,3.5920849511515485
2433.0,2.474002458949542
2433.5,1.0943199667475199
2434.0,1.0873374745454782
2434.5,2.7531549823434602
2435.0,2.992672490141416
2435.5,2.4492899979394167
2436.0,1.6986075057374137
2436.5,0.31112501353538846
2437.0,-0.5912574786666482
2437.5,-0.5061399708686736
2438.0,-0.6094224630707004
2438.5,0.5667950447272858
2439.0,1.0443125525252412
2439.5,2.380530060323224
2440.0,3.1378475681212024
2440.5,2.1220650759192097
2441.0,2.7807825837171833
2441.5,1.2175000915151486
2442.0,2.0275175993131143
2442.5,4.896135107111093
2443.0,4.778552614909074
2443.5,5.230370122707058
2444.0,4.383487630505016
2444.5,2.1282051383030023
2445.0,3.739822646101004
2445.5,4.001140153898973
2446.0,4.244057661696928
2446.5,3.593575169494926
2447.0,3.3358926772928896
2447.5,1.9828101850908695
2448.0,2.5995276928888416
2448.5,3.541445200686809
2449.0,3.3762627084847736
2449.5,3.620380216282797
2450.0,3.4794977240807725
2450.5,2.275815231878738
2451.0,2.452732739676719
2451.5,1.8683502474746945
2452.0,1.2819677552726603
2452.5,1.9681852630706373
2453.0,1.2220027708686132
2453.5,1.0989202786665828
2454.0,1.4473377864645443
2454.5,-0.4500447057374686
2455.0,3.4653728020605286
2455.5,4.261490309858516
2456.0,6.422607817656484
2456.5,7.63962532545446
2457.0,2.9828428332524197
2457.5,2.55216034105041
2458.0,1.3778778488483852
2458.5,-1.1950046433536556
2459.0,2.775512864444323
2459.5,3.1853303722423334
2460.0,3.046347880040287
2460.5,2.6513653878382684
2461.0,1.1811828956362547
2461.5,2.0715004034342144
2462.0,1.248617911232202
2462.5,3.1695354190301828
2463.0,4.3831529268281315
2463.5,1.8163704346261227
2464.0,2.61248794242411
2464.5,1.5459054502220795
2465.0,0.5342229580200808
2465.5,0.7184404658180483
2466.0,0.45415797361602017
2466.5,3.504675481413983
2467.0,1.9834929892119533
2467.5,1.9513104970099278
2468.0,0.9340280048079137
2468.5,0.37004551260588414
2469.0,8.101163020403845
2469.5,8.636880528201857
2470.0,8.617198035999849
2470.5,5.665915543797809
2471.0,0.01433305159577003
2471.5,-0.43824944060625626
2472.0,-0.15443193280827927
2472.5,0.49348557498970536
2473.0,0.7616030827876727
2473.5,7.997720590585658
2474.0,8.476238098383647
2474.5,8.542355606181616
2475.0,7.772473113979601
2475.5,8.545090621777575
2476.0,6.509708129575557
2476.5,6.063925637373529
2477.0,5.911943145171506
2477.5,1.790560652969475
2478.0,1.1689781607674377
2478.5,3.2930956685654564
2479.0,2.899313176363421
2479.5,1.2423306841614021
2480.0,1.8450481919593642
2480.5,1.6067656997573465
2481.0,0.77348320755533
2481.5,2.548900715353284
2482.0,2.974318223151272
2482.5,2.7564357309492493
2483.0,3.398053238747252
2483.5,3.4149707465451797
2484.0,4.2002882543432065
2484.5,4.705305762141165
2485.0,4.313723269939146
2485.5,3.1004407777371057
2486.0,1.7873582855350776
2486.5,1.262475793333067
2487.0,2.163493301131041
2487.5,3.123410808929009
2488.0,1.527528316726972
2488.5,2.039845824524974
2489.0,2.028463332322957
2489.5,1.374480840120924
2490.0,2.696598347918922
2490.5,2.9770158557168713
2491.0,2.4431333635148462
2491.5,4.161750871312819
2492.0,5.126468379110804
2492.5,5.8460858869087815
2493.0,4.394403394706785
2493.5,3.1504209025047487
2494.0,2.5853384103027395
2494.5,1.0191559181006937
2495.0,2.6512734258986654
2495.5,3.5507909336966463
2496.0,2.207208441494629
2496.5,1.3726259492925976
2497.0,0.1429434570905812
2497.5,-1.3365390351114286
2498.0,-1.6381215273134444
2498.5,-0.7410040195154721
2499.0,-0.06958651171748897
2499.5,0.48043099608045736
2500.0,-0.43085149612156215
2500.5,-1.669933988323578
2501.0,-3.0527164805256035
2501.5,-2.897398972727629
2502.0,0.17421853507033802
2502.5,1.5574360428683178
2503.0,2.3967535506663182
2503.5,1.8142710584642998
2504.0,-1.00601143373774
2504.5,-1.3247939259397583
2505.0,-0.9436764181417914
2505.5,-0.6697589103438162
2506.0,0.7432585974541723
2506.5,5.500576105252122
2507.0,5.390993613050114
2507.5,6.017811120848108
2508.0,6.911528628646096
2508.5,3.205946136444055
2509.0,2.5704636442420394
2509.5,2.033381152040022
2510.0,1.7320986598379875
2510.5,1.7248161676359643
2511.0,2.390233675433933
2511.5,3.788751183231909
2512.0,2.1953686910298984
2512.5,4.305486198827879
2513.0,4.05260370662586
2513.5,-0.3412787855761792
2514.0,6.696138722221804
2514.5,4.148356230019772
2515.0,5.509673737817764
2515.5,9.760691245615732
2516.0,3.0178087534137035
2516.5,6.275926261211708
2517.0,4.288443769009632
2517.5,4.4746612768076375
2518.0,5.514478784605615
2518.5,2.3570962924035825
2519.0,0.2895138002015756
2519.5,2.1817313079995415
2520.0,3.6523488157975237
2520.5,4.655966323595493
2521.0,5.48688383139347
2521.5,6.37180133919145
2522.0,5.790918846989456
2522.5,4.40453635478741
2523.0,4.729353862585384
2523.5,2.780471370383367
2524.0,3.7915888781813294
2524.5,6.080906385979318
2525.0,6.065023893777294
2525.5,8.110241401575252
2526.0,8.452758909373244
2526.5,13.286676417171236
2527.0,15.390093924969221
2527.5,13.095111432767197
2528.0,12.585428940565151
2528.5,10.66524644836312
2529.0,8.126263956161097
2529.5,10.094681463959091
2530.0,14.085398971757058
2530.5,16.03051647955502
2531.0,20.385733987353035
2531.5,22.702451495150996
2532.0,23.85636900294898
2532.5,22.631786510746963
2533.0,22.399404018544914
2533.5,19.999021526342915
2534.0,17.94053903414087
2534.5,21.037456541938838
2535.0,17.77777404973682
2535.5,12.06629155753481
2536.0,10.366809065332774
2536.5,6.175126573130768
2537.0,2.4283440809287526
2537.5,1.5742615887267277
2538.0,-1.0155209034753057
2538.5,-2.3880033956773303
2539.0,-1.7642858878793533
2539.5,-1.4624683800813756
2540.0,-0.37735087228341513
2540.5,1.8645666355145636
2541.0,2.555184143312573
2541.5,3.3500016511105457
2542.0,0.9899191589085206
2542.5,2.5059366667065035
2543.0,3.0430541745044764
2543.5,3.1710716823024256
2544.0,2.8448891901004174
2544.5,-0.9934933021016121
2545.0,-3.043975794303634
2545.5,-4.18215828650564
2546.0,-2.9007407787076573
2546.5,-1.298323270909691
2547.0,2.088694236888273
2547.5,5.524511744686265
2548.0,3.952629252484229
2548.5,2.16494676028222
2549.0,1.464164268080168
2549.5,-2.962818224121847
2550.0,-2.749400716323848
2550.5,-3.0954832085258914
2551.0,-3.967965700727902
2551.5,-4.520748192929915
2552.0,3.80666931486806
2552.5,4.272486822666025
2553.0,4.396004330463995
2553.5,5.454421838261965
2554.0,-2.6642606539400475
2554.5,0.6233568538579277
2555.0,0.9935743616559023
2555.5,6.377591869453909
2556.0,9.723109377251859
2556.5,10.600326885049839
2557.0,12.350644392847812
2557.5,11.299061900645796
2558.0,11.42607940844377
2558.5,10.361596916241751
2559.0,8.407014424039716
2559.5,5.160631931837685
2560.0,5.218249439635684
2560.5,4.725766947433669
2561.0,3.265884455231628
2561.5,2.745501963029625
2562.0,0.15141947082759089
2562.5,-1.0361630213744348
2563.0,-2.2247455135764653
2563.5,-5.413328005778496
2564.0,0.7630895020194828
2564.5,7.562307009817488
2565.0,11.525724517615458
2565.5,15.66984202541343
2566.0,17.378459533211412
2566.5,17.283777041009387
2567.0,17.025994548807347
2567.5,15.738112056605331
2568.0,15.467529564403293
2568.5,15.836447072201281
2569.0,19.771264579999254
2569.5,23.20458208779725
2570.0,26.462999595595207
2570.5,28.2914171033932
2571.0,28.447034611191185
2571.5,25.80865211898916
2572.0,21.61286962678713
2572.5,20.477187134585108
2573.0,14.831004642383078
2573.5,9.088422150181074
2574.0,5.6749396579790385
2574.5,7.995457165777012
2575.0,12.94367467357499
2575.5,14.400592181372986
2576.0,14.88490968917094
2576.5,8.95082719696893
2577.0,1.2574447047668968
2577.5,-1.4328377874351332
2578.0,-2.7752202796371535
2578.5,-2.751602771839174
2579.0,-1.3815852640411919
2579.5,-1.3831677562432247
2580.0,-1.3405502484452398
2580.5,2.8099672593527316
2581.0,5.41488476715071
2581.5,6.458702274948678
2582.0,6.967919782746662
2582.5,3.937037290544623
2583.0,1.8058547983426223
2583.5,1.3134723061406106
2584.0,1.6772898139385717
2584.5,1.9548073217365385
2585.0,2.0710248295345366
2585.5,2.9953423373325165
2586.0,2.1006598451304797
2586.5,3.1990773529284695
2587.0,5.251294860726432
2587.5,8.62101236852439
2588.0,14.790329876322389
2588.5,19.488247384120356
2589.0,21.421064891918334
2589.5,20.568682399716323
2590.0,15.315799907514304
2590.5,8.260717415312286
2591.0,1.7152349231102448
2591.5,-1.1990475690917748
2592.0,-2.7960300612938056
2592.5,-2.8620125534958163
2593.0,-3.649495045697833
2593.5,-8.161777537899866
2594.0,-4.730360030101892
2594.5,2.11285747769611
2595.0,3.7434749854940605
2595.5,5.4425924932920395
2596.0,7.583910001090032
2596.5,1.968227508887992
2597.0,2.095545016685975
2597.5,1.5759625244839555
2598.0,-1.2075199677180706
2598.5,-1.2965024599200916
2599.0,-1.1905849521221228
2599.5,-2.365167444324129
2600.0,-4.294049936526164
2600.5,-2.770432428728185
2601.0,1.6767850790697878
2601.5,1.3040025868677674
2602.0,1.7684200946657427
2602.5,1.4757376024637239
2603.0,7.473755110261706
2603.5,-0.6448273819403312
2604.0,9.587590125857673
2604.5,0.5154076336556273
2605.0,4.368225141453621
2605.5,4.807642649251591
2606.0,1.568260157049565
2606.5,-1.0358223351524742
2607.0,-2.585204827354488
2607.5,-2.9049873195565112
2608.0,2.933530188241477
2608.5,3.5098476960394436
2609.0,3.1610652038374383
2609.5,3.1259827116354018
2610.0,1.6546002194333767
2610.5,0.39241772723134716
2611.0,-1.275364764970675
2611.5,1.1424527428272881
2612.0,5.740770250625289
2612.5,10.977787758423247
2613.0,16.162705266221238
2613.5,20.58242277401922
2614.0,25.1419402818172
2614.5,28.71725778961516
2615.0,29.51287529741313
2615.5,31.29819280521113
2616.0,32.39121031300908
2616.5,33.49542782080708
2617.0,32.860845328605066
2617.5,32.980062836403036
2618.0,29.85878034420101
2618.5,29.66079785199898
2619.0,26.769415359796966
2619.5,26.698832867594945
2620.0,27.183250375392902
2620.5,27.25076788319089
2621.0,26.95018539098885
2621.5,26.402502898786835
2622.0,27.32722040658483
2622.5,27.763737914382787
2623.0,27.874955422180776
2623.5,26.097972929978766
2624.0,22.232190437776723
2624.5,19.289807945574694
2625.0,17.456225453372667
2625.5,16.745142961170643
2626.0,17.21646046896862
2626.5,18.321477976766616
2627.0,12.027795484564578
2627.5,6.383712992362561
2628.0,-0.5248694998394541
2628.5,-4.459251992041473
2629.0,-3.8402344842434957
2629.5,-4.321416976445519
2630.0,-5.362799468647552
2630.5,-4.702581960849571
2631.0,-4.962064453051596
2631.5,-4.7213469452536145
2632.0,-3.841529437455648
2632.5,-6.574911929657674
2633.0,-7.684194421859672
2633.5,-7.2442769140617
2634.0,-7.324559406263731
2634.5,-7.304441898465754
2635.0,-7.111124390667783
2635.5,-6.511406882869807
2636.0,-6.419189375071824
2636.5,-6.285371867273852
2637.0,-5.890554359475871
2637.5,-5.8632368516778826
2638.0,-5.518619343879905
2638.5,-5.273601836081937
2639.0,-4.8537843282839646
2639.5,-4.6342668204859905
2640.0,-3.470849312688017
2640.5,-3.3374318048900307
2641.0,-2.631014297092051
2641.5,-1.9008967892940802
2642.0,-2.535579281496098
2642.5,-2.451961773698116
2643.0,-3.568944265900143
2643.5,-4.283426758102166
2644.0,-4.723409250304201
2644.5,-6.20789174250622
2645.0,-5.88587423470824
2645.5,-6.074656726910263
2646.0,-5.279939219112279
2646.5,-4.232821711314315
2647.0,-2.939404203516318
2647.5,-3.0927866957183454
2648.0,-3.9543691879203777
2648.5,-2.9674516801223945
2649.0,-4.278534172324427
2649.5,-4.412716664526457
2650.0,-4.10849915672847
2650.5,-4.365281648930491
2651.0,-3.854364141132521
2651.5,-4.148546633334547
2652.0,-5.339329125536551
2652.5,-6.173811617738579
2653.0,-5.997894109940603
2653.5,-5.489676602142637
2654.0,-5.1537590943446645
2654.5,-4.9542415865466864
2655.0,-3.0195240787487023
2655.5,-5.445906570950726
2656.0,-4.326789063152745
2656.5,-3.0056715553547804
2657.0,-2.3411540475567847
2657.5,-1.675036539758807
2658.0,-2.0061190319608357
2658.5,-2.826201524162869
2659.0,-3.074284016364885
2659.5,-3.6200665085669215
2660.0,-6.033749000768921
2660.5,-7.015131492970951
2661.0,-6.425213985172974
2661.5,-5.223896477374993
2662.0,-4.763278969577016
2662.5,-5.909761461779041
2663.0,-7.040643953981075
2663.5,-7.138826446183089
2664.0,-8.323408938385128
2664.5,-6.958991430587133
2665.0,-5.265673922789162
2665.5,-7.0278564149911915
2666.0,-7.81753890719321
2666.5,-8.185121399395229
2667.0,-8.004503891597253
2667.5,-4.523086383799281
2668.0,4.165331123998698
2668.5,4.384948631796675
2669.0,3.5210661395946374
2669.5,4.317983647392637
2670.0,-4.942698844809385
2670.5,-5.333381337011417
2671.0,-5.912363829213433
2671.5,-4.54904632141546
2672.0,4.639571186382511
2672.5,12.886588694180489
2673.0,17.931606201978468
2673.5,21.110923709776444
2674.0,18.29044121757444
2674.5,14.2321587253724
2675.0,5.0185762331703785
2675.5,2.5282937409683512
2676.0,7.509311248766352
2676.5,4.9037287565643055
2677.0,1.1915462643623016
2677.5,3.2368637721602624
2678.0,-5.835418720041758
2678.5,-1.8330012122437864
2679.0,2.4133162955541962
2679.5,-0.20876619664782936
2680.0,-0.3571486888498612
2680.5,1.9616688189481408
2681.0,0.9373863267461076
2681.5,3.610403834544087
2682.0,5.2251213423420495
2682.5,4.323938850140024
2683.0,1.4534563579379949
2683.5,2.439773865736001
2684.0,7.818291373533967
2684.5,3.1541088813319362
2685.0,5.152226389129922
2685.5,2.5653438969279136
2686.0,-1.1977385952741173
2686.5,4.680478912523853
2687.0,13.464496420321836
2687.5,16.19081392811981
2688.0,12.904731435917768
2688.5,6.754848943715771
2689.0,-11.454133548486269
2689.5,-16.120816040688297
2690.0,-21.33919853289032
2690.5,-22.730281025092324
2691.0,-6.047463517294361
2691.5,5.018253990503609
2692.0,13.90407149830159
2692.5,17.418989006099565
2693.0,15.602506513897538
2693.5,14.197924021695528
2694.0,16.402141529493505
2694.5,15.763059037291484
2695.0,12.708876545089453
2695.5,12.466594052887444
2696.0,8.843211560685404
2696.5,0.7715290684833889
2697.0,-10.988353423718635
2697.5,-20.560535915920667
2698.0,-23.508318408122676
2698.5,-19.93800090032471
2699.0,-25.645283392526736
2699.5,-16.286665884728748
2700.0,-3.664448376930764
2700.5,1.6747691308672188
2701.0,12.02948663866519
2701.5,19.173304146463153
2702.0,22.61552165426113
2702.5,27.19393916205911
2703.0,32.89875666985709
2703.5,24.88577417765505
2704.0,23.830291685453048
2704.5,17.64150919325104
2705.0,11.23162670104901
2705.5,8.303244208846962
2706.0,8.072161716644956
2706.5,11.562079224442925
2707.0,13.126996732240883
2707.5,11.293914240038887
2708.0,13.441031747836846
2708.5,13.44714925563484
2709.0,13.9016667634328
2709.5,15.906984271230783
2710.0,13.063601779028772
2710.5,9.272419286826732
2711.0,3.37963679462473
2711.5,0.4702543024226884
2712.0,1.905271810220654
2712.5,-1.7800106819813521
2713.0,-6.001093174183367
2713.5,-14.600475666385393
2714.0,-21.59375815858742
2714.5,-21.212740650789442
2715.0,-15.280923142991469
2715.5,-5.3779056351934855
2716.0,-3.248188127395508
2716.5,-3.0462706195975358
2717.0,0.2799468882004419
2717.5,-1.6402356040015746
2718.0,-9.1343180962036
2718.5,-19.149400588405626
2719.0,-20.447383080607636
2719.5,-18.00506557280967
2720.0,-11.194248065011692
2720.5,-3.9434305572137163
2721.0,-3.6663130494157485
2721.5,-1.715095541617771
2722.0,1.0865219661802143
2722.5,1.2292394739781969
2723.0,-0.352243018223831
2723.5,-3.3356255104258565
2724.0,-8.464008002627878
2724.5,-15.463390494829895
2725.0,-21.923272987031922
2725.5,-25.832855479233956
2726.0,-25.711537971435973
2726.5,-17.89432046363801
2727.0,-8.298802955840017
2727.5,-0.4901854480420411
2728.0,2.022232059755922
2728.5,2.656849567553934
2729.0,3.1880670753518814
2729.5,-1.142215416850135
2730.0,3.866502090947847
2730.5,8.693419598745805
2731.0,9.130837106543794
2731.5,16.145754614341783
2732.0,17.405672122139762
2732.5,13.458289629937738
2733.0,13.723007137735706
2733.5,14.745924645533677
2734.0,18.664142153331653
2734.5,19.40025966112964
2735.0,13.097577168927614
2735.5,10.161194676725586
2736.0,8.429112184523547
2736.5,7.393429692321561
2737.0,15.974747200119523
2737.5,14.613964707917503
2738.0,11.302382215715483
2738.5,6.8694997235134565
2739.0,0.2958172313114318
2739.5,-1.8331652608905955
2740.0,-0.010747753092616108
2740.5,4.897069754705342
2741.0,7.721187262503335
2741.5,9.186104770301327
2742.0,-2.0179777219007065
2742.5,-10.778860214102735
2743.0,-9.549042706304746
2743.5,-3.1343251985067724
2744.0,11.621992309291187
2744.5,26.011709817089184
2745.0,17.309927324887155
2745.5,2.5384448326851157
2746.0,-3.459537659516897
2746.5,-3.8352201517189144
2747.0,15.053297356079057
2747.5,24.496914863877024
2748.0,28.328632371675013
2748.5,31.323549879473006
2749.0,30.928967387270973
2749.5,28.447284895068947
2750.0,26.529702402866917
2750.5,25.023619910664877
2751.0,23.947137418462873
2751.5,24.87165492626086
2752.0,25.637772434058817
2752.5,28.3699899418568
2753.0,30.34650744965478
2753.5,28.300724957452758
2754.0,26.213742465250732
2754.5,24.433759973048723
2755.0,21.101877480846696
2755.5,22.85899498864468
2756.0,23.503212496442657
2756.5,22.438930004240618
2757.0,22.589747512038585
2757.5,23.004865019836586
2758.0,34.639482527634556
2758.5,37.23990003543253
2759.0,23.376817543230516
2759.5,18.93793505102849
2760.0,22.43555255882646
2760.5,21.536270066624454
2761.0,24.161587574422427
2761.5,29.40960508222038
2762.0,29.537422590018366
2762.5,30.336240097816358
2763.0,26.75085760561433
2763.5,25.137375113412304
2764.0,24.51649262121026
2764.5,25.327010129008244
2765.0,25.51192763680625
2765.5,22.254645144604197
2766.0,23.94986265240219
2766.5,14.650280160200154
2767.0,6.242997667998139
2767.5,0.3308151757961184
2768.0,-0.9677673164059115
2768.5,-1.8385498086079366
2769.0,-3.156232300809961
2769.5,-5.91411479301199
2770.0,-10.232697285214002
2770.5,-7.366379777416029
2771.0,-6.740762269618045
2771.5,-1.5202447618200665
2772.0,-4.888127254022081
2772.5,-12.839409746224106
2773.0,-11.451992238426143
2773.5,-16.77197473062816
2774.0,-25.079857222830185
2774.5,-34.999439715032196
2775.0,-39.70352220723423
2775.5,-40.36020469943625
2776.0,-34.80518719163828
2776.5,-12.515269683840287
2777.0,2.506947823957688
2777.5,7.404865331755644
2778.0,6.785882839553636
2778.5,-2.9747996526484
2779.0,-4.888782144850424
2779.5,-1.0013646370524327
2780.0,4.300852870745544
2780.5,8.681870378543508
2781.0,11.158287886341483
2781.5,14.34550539413948
2782.0,7.760522901937463
2782.5,0.13954040973541737
2783.0,-15.717042082466605
2783.5,-25.098724574668623
2784.0,-27.573107066870648
2784.5,-38.43818955907267
2785.0,-37.6023720512747
2785.5,-37.69945454347672
2786.0,-36.62153703567873
2786.5,-35.01091952788076
2787.0,-36.29280202008279
2787.5,-32.23798451228481
2788.0,-26.002967004486834
2788.5,-15.615449496688854
2789.0,-3.295331988890865
2789.5,-0.4641144810928921
2790.0,-2.869996973294917
2790.5,-4.64427946549695
2791.0,-4.471761957698959
2791.5,-3.71344444990099
2792.0,-5.103026942103014
2792.5,-9.192109434305038
2793.0,-15.881091926507068
2793.5,-29.03177441870909
2794.0,-43.5669569109111
2794.5,-47.277139403113125
2795.0,-41.394621895315154
2795.5,-31.36790438751717
2796.0,-20.62248687971919
2796.5,-20.488969371921215
2797.0,-30.835551864123246
2797.5,-37.034934356325266
2798.0,-34.6752168485273
2798.5,-32.341999340729316
2799.0,-41.03858183293134
2799.5,-35.22466432513336
2800.0,-28.75524681733539
2800.5,-18.760929309537403
2801.0,-13.110011801739418
2801.5,-16.865594293941456
2802.0,-38.457776786143484
2802.5,-37.9656592783455
2803.0,-36.86424177054752
2803.5,-33.62442426274954
2804.0,-21.850406754951564
2804.5,-14.45108924715359
2805.0,-14.5551717393556
2805.5,-21.002554231557625
2806.0,-39.33133672375966
2806.5,-50.34961921596168
2807.0,-39.43670170816371
2807.5,-4.362784200365738
2808.0,17.01123330743225
2808.5,28.33855081523022
2809.0,17.4357683230282
2809.5,-7.695014169173831
2810.0,-26.263696661375832
2810.5,-36.74537915357786
2811.0,-36.66086164577989
2811.5,-26.54694413798191
2812.0,-25.797826630183934
2812.5,-16.717409122385973
2813.0,-25.865991614587983
2813.5,-31.70527410679
2814.0,-22.009256598992025
2814.5,-27.485139091194057
2815.0,-26.443021583396074
2815.5,-25.758004075598095
2816.0,-36.801486567800126
2816.5,-38.97676906000214
2817.0,-41.44255155220418
2817.5,-43.7160340444062
2818.0,-28.54701653660821
2818.5,-21.669499028810236
2819.0,-21.658981521012265
2819.5,-17.71736401321428
2820.0,-18.713146505416304
2820.5,-38.15892899761833
2821.0,-36.84611148982036
2821.5,-39.89089398202238
2822.0,-43.6777764742244
2822.5,-44.14745896642641
2823.0,-41.88224145862844
2823.5,-35.894923950830474
2824.0,-20.098706443032498
2824.5,-0.955588935234502
2825.0,2.538728572563457
2825.5,-4.613553919638562
2826.0,-28.157436411840578
2826.5,-36.21081890404261
2827.0,-40.70540139624464
2827.5,-39.466883888446645
2828.0,-39.740666380648676
2828.5,-47.3888488728507
2829.0,-40.21953136505272
2829.5,-20.58421385725474
2830.0,-17.32129634945676
2830.5,-17.83997884165879
2831.0,-23.24396133386081
2831.5,-37.91134382606285
2832.0,-38.77052631826486
2832.5,-37.99020881046688
2833.0,-36.597191302668904
2833.5,-29.15247379487093
2834.0,-21.07125628707294
2834.5,-20.32483877927497
2835.0,-21.480721271476995
2835.5,-31.789103763679023
2836.0,-43.99208625588105
2836.5,-42.13996874808308
2837.0,-38.614251240285085
2837.5,-33.517833732487105
2838.0,-28.16541622468914
2838.5,-24.536698716891166
2839.0,-23.96238120909318
2839.5,-26.394363701295205
2840.0,-28.60034619349723
2840.5,-27.96522868569926
2841.0,-33.72121117790128
2841.5,-32.3071936701033
2842.0,-27.925476162305316
2842.5,-28.025758654507342
2843.0,-27.90904114670937
2843.5,-31.001423638911376
2844.0,-31.522906131113402
2844.5,-16.964488623315432
2845.0,-10.43597111551746
2845.5,-6.296753607719481
2846.0,-5.003336099921512
2846.5,-19.747518592123527
2847.0,-26.832501084325543
2847.5,-32.19528357652757
2848.0,-34.13826606872961
2848.5,-30.283748560931613
2849.0,-20.611431053133643
2849.5,-13.134713545335671
2850.0,-15.606996037537684
2850.5,-21.86037852973972
2851.0,-32.75396102194175
2851.5,-32.72944351414375
2852.0,-24.875226006345784
2852.5,-23.199608498547803
2853.0,-24.747690990749817
2853.5,-19.404973482951846
2854.0,-20.845355975153865
2854.5,-22.04793846735589
2855.0,-23.034620959557927
2855.5,-33.14730345175995
2856.0,-33.59808594396196
2856.5,-26.211068436163984
2857.0,-21.39955092836601
2857.5,-15.834333420568043
2858.0,-20.259515912770055
2858.5,-25.01639840497208
2859.0,-30.160880897174096
2859.5,-36.16896338937613
2860.0,-37.76544588157816
2860.5,-40.80522837378018
2861.0,-40.36981086598219
2861.5,-32.79279335818421
2862.0,-31.56117585038625
2862.5,-28.010658342588258
2863.0,-26.52134083479028
2863.5,-30.827423326992303
2864.0,-30.05940581919434
2864.5,-30.840688311396363
2865.0,-29.37287080359839
2865.5,-28.7689532958004
2866.0,-30.181735788002428
2866.5,-31.090818280204445
2867.0,-32.66480077240648
2867.5,-27.120683264608488
2868.0,-26.546765756810515
2868.5,-24.321448249012533
2869.0,-19.582330741214562
2869.5,-9.628113233416585
2870.0,-16.06509572561862
2870.5,-21.490878217820622
2871.0,-27.064760710022654
2871.5,-38.40994320222468
2872.0,-33.209025694426714
2872.5,-26.194508186628724
2873.0,-15.84629067883074
2873.5,-11.678073171032764
2874.0,-9.975055663234798
2874.5,-11.49173815543682
2875.0,1.5494793523611463
2875.5,13.956996860159151
2876.0,20.57021436795712
2876.5,29.588331875755088
2877.0,30.880549383553074
2877.5,24.40496689135105
2878.0,24.577984399149017
2878.5,20.943301906947
2879.0,15.121519414744967
2879.5,15.893936922542935
2880.0,16.84315443034093
2880.5,16.447071938138905
2881.0,15.01338944593688
2881.5,13.423906953734857
2882.0,12.114324461532846
2882.5,10.817841969330829
2883.0,15.034059477128778
2883.5,15.43787698492676
2884.0,17.92979449272474
2884.5,17.900012000522707
2885.0,14.07652950832069
2885.5,14.40384701611869
2886.0,11.511264523916637
2886.5,13.06168203171464
2887.0,13.875099539512604
2887.5,8.587217047310588
2888.0,11.845134555108558
2888.5,11.866152062906536
2889.0,13.195669570704496
2889.5,19.155787078502485
2890.0,17.001104586300457
2890.5,12.47632209409845
2891.0,8.772739601896419
2891.5,8.246257109694398
2892.0,8.819674617492382
2892.5,9.212892125290352
2893.0,10.779409633088335
2893.5,11.523427140886298
2894.0,11.243344648684285
2894.5,12.316162156482264
2895.0,11.575579664280227
2895.5,12.7402971720782
2896.0,13.49981467987621
2896.5,15.841832187674186
2897.0,18.038649695472145
2897.5,19.04326720327012
2898.0,16.193484711068095
2898.5,15.572702218866084
2899.0,14.776619726664066
2899.5,15.499337234462033
2900.0,16.536154742259995
2900.5,18.930472250057974
2901.0,1.0867897578559678
2901.5,-12.013992734346061
2902.0,-10.554575226548081
2902.5,-8.337957718750104
2903.0,-3.6732402109521303
2903.5,8.235877296845842
2904.0,0.6818948046438322
2904.5,-7.925187687558193
2905.0,-11.05587017976022
2905.5,-9.266752671962251
2906.0,-2.7503351641642695
2906.5,0.32628234363370723
2907.0,4.969699851431699
2907.5,5.297917359229672
2908.0,4.670334867027634
2908.5,9.761252374825602
2909.0,13.294269882623595
2909.5,14.607087390421569
2910.0,11.698204898219544
2910.5,8.22792240601754
2911.0,1.4934399138155072
2911.5,2.942157421613473
2912.0,4.306874929411464
2912.5,4.65029243720943
2913.0,4.981209945007407
2913.5,-0.3932725471946128
2914.0,-0.8098550393966377
2914.5,-0.404837531598659
2915.0,-2.1958200238006924
2915.5,-2.4580025160026935
2916.0,-3.0438850082047253
2916.5,-1.9072675004067463
2917.0,-1.9441499926087715
2917.5,0.3282675151891965
2918.0,0.6525850229871679
2918.5,0.30810253078516325
2919.0,0.31522003858313496
2919.5,-1.566962453618899
2920.0,-2.3000449458209005
2920.5,-2.6944274380229274
2921.0,-2.6518099302249567
2921.5,-0.2517924224269876
2922.0,-0.06537491462900391
2922.5,-0.37685740683103575
2923.0,-0.6781398990330416
2923.5,-0.006122391235066971
2924.0,-0.36470488343709917
2924.5,-1.0262873756391286
2925.0,-0.8180698678411318
2925.5,-2.6684523600431618
2926.0,-2.6451348522451923
2926.5,-1.2574173444472194
2927.0,-1.9152998366492398
2927.5,-1.7102823288512639
2928.0,-1.6083648210532857
2928.5,-2.645747313255299
2929.0,-2.112629805457331
2929.5,-1.9220122976593643
2930.0,-1.274994789861367
2930.5,-0.5353772820633935
2931.0,0.8603402257345749
2931.5,0.7577577335325572
2932.0,0.31217524133052166
2932.5,-0.21820725087150095
2933.0,-1.0773897430735104
2933.5,-2.4015722352755375
2934.0,-2.488154727477564
2934.5,-4.0340372196795755
2935.0,-3.8538197118815987
2935.5,-4.61690220408363
2936.0,-4.65878469628565
2936.5,-4.120367188487677
2937.0,-3.459349680689712
2937.5,-1.137132172891711
2938.0,1.3821853349062536
2938.5,4.732302842704243
2939.0,8.073420350502218
2939.5,8.219337858300207
2940.0,6.6072553660981725
2940.5,4.363172873896133
2941.0,-1.6476096183058786
2941.5,-4.912992110507915
2942.0,-4.516074602709935
2942.5,-4.216057094911946
2943.0,-2.9260395871139764
2943.5,-0.844722079316
2944.0,-0.6554045715180195
2944.5,-0.27738706372004174
2945.0,0.43163044407793905
